{"cameraMode":{"drawMode":0,"name":"Shaded","section":"Shading Mode"},"sceneLighting":true,"audioPlay":false,"sceneViewState":{"showFog":true,"showMaterialUpdate":false,"showSkybox":true,"showFlares":true,"showImageEffects":true,"showParticleSystems":true},"in2DMode":false,"pivot":{"x":-0.3542976379394531,"y":0.6902317404747009,"z":0.010419368743896485},"rotation":{"x":-0.05084100738167763,"y":0.9015263319015503,"z":-0.11036091297864914,"w":-0.41531428694725039},"size":5.598239898681641,"orthographic":false}